Images,C,Iterations,Mean,Sigma,Time
100,0.01,5000,0.21,0.0735,28.838179667000077
100,0.1,5000,0.21,0.0735,27.71816541600856
100,1.0,5000,0.21,0.0735,27.347354459008784
500,0.01,5000,0.264,0.0273,248.92795037500036
500,0.1,5000,0.256,0.0174,313.4059704579995
500,1.0,5000,0.256,0.0174,1024.5571615840017
1000,0.01,5000,0.268,0.0144,2428.7564299160003
1000,0.1,5000,0.242,0.0075,3234.7952003329992
1000,1.0,5000,0.242,0.0075,2483.5083515000006
2000,0.01,5000,0.27,0.0156,2152.282459707989
2000,0.1,5000,0.2705,0.0178,4464.462567416995
2000,1.0,5000,0.2705,0.0178,4106.383881000002
3000,0.01,5000,0.2977,0.0072,4100.33532608299
3000,0.1,5000,0.2757,0.0098,8462.963956292006
3000,1.0,5000,0.277,0.0085,8244.816019249993
