Layer, LearningRate, Iter , Mean  , Sigma , Time(seconds)
   20,        0.001,   200, 0.2998, 0.0069,   38.249286042002495
   20,        0.001,  1000, 0.2788, 0.0144,  226.29946479201317
   20,        0.001,  2000, 0.2804, 0.0125,  286.06821095899795
   20,        0.001,  5000, 0.2804, 0.0125,  292.34668716599117
   20,        0.001, 10000, 0.2804, 0.0125,  412.7105659999943
   20,        0.01 ,   200, 0.2998, 0.0069,   83.79197479097638
   20,        0.01 ,  1000, 0.2788, 0.0144,  252.83514004200697
   20,        0.01 ,  2000, 0.2804, 0.0125,  261.5811787919956
   20,        0.01 ,  5000, 0.2804, 0.0125,  267.5646287910058
   20,        0.01 , 10000, 0.2804, 0.0125,  321.81608399999095
   20,        0.1  ,   200, 0.2998, 0.0069,   53.0135940000182
   20,        0.1  ,  1000, 0.2788, 0.0144,  232.86341212500702
   20,        0.1  ,  2000, 0.2804, 0.0125,  337.7118217909883
   20,        0.1  ,  5000, 0.2804, 0.0125,  285.96216275001643
   20,        0.1  , 10000, 0.2804, 0.0125,  284.8626719160238
  100,        0.001,   200, 0.3446, 0.0109,  248.12633295802516
  100,        0.001,  1000, 0.3392, 0.0126,  494.3123002499924
  100,        0.001,  2000, 0.3392, 0.0126,  694.661949833011
  100,        0.001,  5000, 0.3392, 0.0126,  492.6171557500202
  100,        0.001, 10000, 0.3392, 0.0126,  658.5938666249858
  100,        0.01 ,   200, 0.3446, 0.0109,  309.6207353749778
  100,        0.01 ,  1000, 0.3392, 0.0126,  789.4813988340029
  100,        0.01 ,  2000, 0.3392, 0.0126,  880.1459245420119
  100,        0.01 ,  5000, 0.3392, 0.0126, 1004.85348208301
  100,        0.01 , 10000, 0.3392, 0.0126,  973.8001434579783
  100,        0.1  ,   200, 0.3446, 0.0109,  481.8389223749982
  100,        0.1  ,  1000, 0.3392, 0.0126, 1003.7758840829774
