Layer, LearningRate, Iter, Mean  , Sigma , Time
   20, 1e-05       ,  500, 0.3518, 0.0096, 147.1024715419917
   20, 0.0001      ,  500, 0.2862, 0.0175, 160.0921509580221
   20, 0.001       ,  500, 0.1   , 0.0   ,  19.58052829199005
   20, 0.01        ,  500, 0.1   , 0.0   ,  10.130606249993434
   20, 0.1         ,  500, 0.1002, 0.0004,  17.880743833986344
  100, 1e-05       ,  500, 0.3906, 0.0099, 486.695765750017
  100, 0.0001      ,  500, 0.3494, 0.0082, 510.81631787499646
  100, 0.001       ,  500, 0.1592, 0.055 , 198.26204758300446
  100, 0.01        ,  500, 0.113 , 0.026 ,  53.61663462498109
  100, 0.1         ,  500, 0.1   , 0.0   , 276.9199027919967
  200, 1e-05       ,  500, 0.3966, 0.0041, 862.5417630420125
